text,label,confidence,source,label_id
well i i don't know how much it helps what's the model.,OPEN_QUESTION,0.9,ICSI_MRDA_corpus,2
so let me pop up a level.,DISCUSSION,0.9,ICSI_MRDA_corpus,4
so like the question is how what features can like do you want to try to extract from say the parse or whatever.,OPEN_QUESTION,0.9,ICSI_MRDA_corpus,2
i mean it'll stop the speech you know if if you press a tab.,DISCUSSION,0.9,ICSI_MRDA_corpus,4
uh and that's probably a reason why yeah online normalization helps because it it,DISCUSSION,0.9,ICSI_MRDA_corpus,4
which probably means like there was a the recording interface crashed.,DISCUSSION,0.9,ICSI_MRDA_corpus,4
it's really the back up issue rather than the file server issue.,DISCUSSION,0.9,ICSI_MRDA_corpus,4
if you wanted if you wanted to transcribe you have the.,DISCUSSION,0.9,ICSI_MRDA_corpus,4
and but it runs much much faster.,DISCUSSION,0.9,ICSI_MRDA_corpus,4
because if you don't do v t l in both systems uh you know the the females are considerably worse in the with the p l p features.,DISCUSSION,0.95,ICSI_MRDA_corpus,4
because because we have an extra month or something.,DISCUSSION,0.9,ICSI_MRDA_corpus,4
i don't know exactly if it's,OPEN_QUESTION,0.9,ICSI_MRDA_corpus,2
so on the t i digits english and on the italian data.,DISCUSSION,0.9,ICSI_MRDA_corpus,4
so i think you're thinking people are going to arbitrarily start bleeping and i just don't think that's going to happen.,DISCUSSION,0.9,ICSI_MRDA_corpus,4
but it's harder for the,DISCUSSION,0.9,ICSI_MRDA_corpus,4
you don't have to be happy.,DISCUSSION,0.9,ICSI_MRDA_corpus,4
but it but that sounds,DISCUSSION,0.9,ICSI_MRDA_corpus,4
so so what are you guys doing?,OPEN_QUESTION,0.95,ICSI_MRDA_corpus,2
so um that's that's the direction which i'm i'm thinking about going in my quals.,DISCUSSION,0.9,ICSI_MRDA_corpus,4
well i'll check on that.,ACTION_ITEM,0.9,ICSI_MRDA_corpus,1
set it's not a it's not a subset of the short s r i hub five set.,DISCUSSION,0.9,ICSI_MRDA_corpus,4
you've been thinking about this problem for a long time actually.,DISCUSSION,0.9,ICSI_MRDA_corpus,4
so the thing that we did is just to add spectral subtraction before this the wall uh process which contains l d a online normalization.,DISCUSSION,0.9,ICSI_MRDA_corpus,4
yeah that's what i tend to do is i use a soundwave.,DISCUSSION,0.9,ICSI_MRDA_corpus,4
so in general it's always going to be the answer is everywhere.,DISCUSSION,0.9,ICSI_MRDA_corpus,4
like the endpoint is not necessarily relevant in the bayes net for where is until after you've decided whether you want to go there or not.,DISCUSSION,0.9,ICSI_MRDA_corpus,4
so if that's at,DISCUSSION,0.9,ICSI_MRDA_corpus,4
and um when we deal with pure reverberation the technique he's using works really really well.,DISCUSSION,0.95,ICSI_MRDA_corpus,4
so you just say you know asterisk e. asterisk dot wave and you get what you want.,DISCUSSION,0.9,ICSI_MRDA_corpus,4
well and what and what's northern?,OPEN_QUESTION,0.9,ICSI_MRDA_corpus,2
we can do a realignment.,DECISION,0.85,ICSI_MRDA_corpus,0
oh you were there.,DISCUSSION,1.0,ICSI_MRDA_corpus,4
but it's just not overtly in the,DISCUSSION,0.95,ICSI_MRDA_corpus,4
because if you start talking about these you know,DISCUSSION,0.9,ICSI_MRDA_corpus,4
so uh we are committed for our funding.,DECISION,0.9,ICSI_MRDA_corpus,0
but somehow percent is not so hard you know?,DISCUSSION,0.9,ICSI_MRDA_corpus,4
or any of these other ones of of multiple models.,DISCUSSION,0.9,ICSI_MRDA_corpus,4
but i i was hoping we could just do a test and determine if that was true.,DISCUSSION,0.9,ICSI_MRDA_corpus,4
so um the audio that they're going to have access to will that be the uncompressed version?,OPEN_QUESTION,0.95,ICSI_MRDA_corpus,2
although you've probably seen them.,DISCUSSION,0.9,ICSI_MRDA_corpus,4
so it's not it's not um,DISCUSSION,0.9,ICSI_MRDA_corpus,4
and if there isn't one we'd get the type.,DISCUSSION,0.9,ICSI_MRDA_corpus,4
and also we've done digits as well.,DISCUSSION,0.9,ICSI_MRDA_corpus,4
but yeah so far he hadn't gotten any big improvement.,DISCUSSION,0.95,ICSI_MRDA_corpus,4
so you meant just sort of like a just a normal uh?,DISCUSSION,0.9,ICSI_MRDA_corpus,4
um that we at least decided on.,DECISION,0.9,ICSI_MRDA_corpus,0
you said you're busy over until the weekend right?,OPEN_QUESTION,0.9,ICSI_MRDA_corpus,2
and you know what,DISCUSSION,0.9,ICSI_MRDA_corpus,4
yeah one can imagine the problems that that would engender.,DISCUSSION,0.9,ICSI_MRDA_corpus,4
but things you can be interested in.,DISCUSSION,0.95,ICSI_MRDA_corpus,4
from the discourse that,DISCUSSION,0.9,ICSI_MRDA_corpus,4
maybe that they're a lot worse.,DISCUSSION,0.9,ICSI_MRDA_corpus,4
i mean if we need to we can buy a disk hang it off a uh workstation.,DISCUSSION,0.9,ICSI_MRDA_corpus,4
so just update all the naming conventions.,ACTION_ITEM,0.9,ICSI_MRDA_corpus,1
so maybe it would be a better idea now than it was before to uh have uh one k.l.t. over everything.,DISCUSSION,0.9,ICSI_MRDA_corpus,4
i mean that would just be a um,DISCUSSION,0.9,ICSI_MRDA_corpus,4
so the so the sets so the test sets are between five hundred and two thousand sentences let's say.,DISCUSSION,0.9,ICSI_MRDA_corpus,4
i.e. the context dependent stuff.,DISCUSSION,0.95,ICSI_MRDA_corpus,4
and so theirs are sort of twice as long.,DISCUSSION,0.9,ICSI_MRDA_corpus,4
this is uh is he here too?,OPEN_QUESTION,0.9,ICSI_MRDA_corpus,2
then it then it falls back this way so it's,DISCUSSION,0.9,ICSI_MRDA_corpus,4
it lead us it if we,DISCUSSION,0.9,ICSI_MRDA_corpus,4
we can just rename that yeah.,DECISION,0.9,ICSI_MRDA_corpus,0
i mean i when you first said do do it um spoken what i was thinking is oh then people have to come up.,DISCUSSION,0.9,ICSI_MRDA_corpus,4
that's why there's so many insertion errors.,DISCUSSION,0.9,ICSI_MRDA_corpus,4
so yeah we're sort of committed to x.m.l. as the kind of uh interchange.,DECISION,0.85,ICSI_MRDA_corpus,0
even though automatically to look at the habits we would need to also first figure that out.,DISCUSSION,0.9,ICSI_MRDA_corpus,4
so you know what we're we're basically doing is is waiting to look at the pilot and see what people want to do.,DISCUSSION,0.9,ICSI_MRDA_corpus,4
well they been using timit.,DISCUSSION,0.9,ICSI_MRDA_corpus,4
she she's done one she's one,DISCUSSION,0.9,ICSI_MRDA_corpus,4
i mean are we trying to do them in synchrony?,OPEN_QUESTION,0.95,ICSI_MRDA_corpus,2
because with the close talking mikes the the signal will be so much stronger.,DISCUSSION,0.95,ICSI_MRDA_corpus,4
so you could have some file that configures how much information you want in your in your x.m.l. or something.,DISCUSSION,0.9,ICSI_MRDA_corpus,4
i was just going to say maybe fifteen minutes later would help me a little bit.,DEFERRAL,0.9,ICSI_MRDA_corpus,3
and more and more every day.,DISCUSSION,0.9,ICSI_MRDA_corpus,4
uh i'm just saying if in fact it turns out that that these echoes that you're hearing are uh,DISCUSSION,0.9,ICSI_MRDA_corpus,4
but not of reverberation.,DISCUSSION,0.9,ICSI_MRDA_corpus,4
so praat may not be,DISCUSSION,0.9,ICSI_MRDA_corpus,4
i i mean what what happen with the uh the uh the uh the the clustering process?,OPEN_QUESTION,0.9,ICSI_MRDA_corpus,2
yeah we're using those for the for the expanded.,DECISION,0.9,ICSI_MRDA_corpus,0
well well it's sort of related.,DISCUSSION,0.9,ICSI_MRDA_corpus,4
but i don't know if it's if it's essential.,DISCUSSION,0.9,ICSI_MRDA_corpus,4
i mean that's like the bigger um version of it.,DISCUSSION,0.9,ICSI_MRDA_corpus,4
so what i should do is just print out a whole stack and leave them up here.,ACTION_ITEM,0.9,ICSI_MRDA_corpus,1
i guess we could try.,DISCUSSION,0.9,ICSI_MRDA_corpus,4
who a. did like what we did.,DISCUSSION,0.9,ICSI_MRDA_corpus,4
or or even or even there was a a line you know about how huh uhhuh bill gates duh duh duh duh,DISCUSSION,0.9,ICSI_MRDA_corpus,4
at that point where you can really lock a file.,DISCUSSION,0.9,ICSI_MRDA_corpus,4
so somehow if once he gets going we're going to have to come up with one.,DISCUSSION,0.9,ICSI_MRDA_corpus,4
and then there's also a set of system things that come up.,DISCUSSION,0.9,ICSI_MRDA_corpus,4
i do that with the mouse yeah.,DISCUSSION,0.9,ICSI_MRDA_corpus,4
a part of it is just the distance.,DISCUSSION,0.95,ICSI_MRDA_corpus,4
like are we adapting to it?,OPEN_QUESTION,0.95,ICSI_MRDA_corpus,2
and then uh we talked a little bit about whether to do how we get at the background.,DISCUSSION,0.9,ICSI_MRDA_corpus,4
but it's it's unfortunately this is not really something a tourist would ever say.,DISCUSSION,0.9,ICSI_MRDA_corpus,4
not a landmark at all.,DISCUSSION,0.9,ICSI_MRDA_corpus,4
well we've collected so far something like uh sixty five meetings.,DISCUSSION,0.9,ICSI_MRDA_corpus,4
so i guess we'll try to write this eurospeech paper.,DECISION,0.9,ICSI_MRDA_corpus,0
that that's happening like today.,DISCUSSION,0.9,ICSI_MRDA_corpus,4
and because i discussing with him uh uh many things concerning uh his skills and what the n.s.a. group intends to do.,DISCUSSION,0.9,ICSI_MRDA_corpus,4
i mean if the results are comparable to what we had before,DISCUSSION,0.9,ICSI_MRDA_corpus,4
the specification are rather stable and and available.,DISCUSSION,0.9,ICSI_MRDA_corpus,4
so when we input something we always get the uh posterior probabilities for all of these.,DISCUSSION,0.95,ICSI_MRDA_corpus,4
yeah i was wondering about that.,OPEN_QUESTION,0.9,ICSI_MRDA_corpus,2
and for purposes of of uh things like,DISCUSSION,0.95,ICSI_MRDA_corpus,4
no it's makes sense to look at low frequencies.,DISCUSSION,0.9,ICSI_MRDA_corpus,4
and then the linear output of these two m l p's are combined just by adding the values and then there is this k l t.,DISCUSSION,0.95,ICSI_MRDA_corpus,4
there's it it could be that there's some normalization that's missing.,DISCUSSION,0.9,ICSI_MRDA_corpus,4
i mean you just go out and get four and we've got the money for it.,DISCUSSION,0.9,ICSI_MRDA_corpus,4
the references for for those segments?,OPEN_QUESTION,0.95,ICSI_MRDA_corpus,2
what set the they set the context to unknown?,OPEN_QUESTION,1.0,ICSI_MRDA_corpus,2
after you will leave here that is.,DISCUSSION,0.9,ICSI_MRDA_corpus,4
and for for connected digits over the telephone you don't actually want to put a whole lot of effort into adaptation.,DISCUSSION,0.9,ICSI_MRDA_corpus,4
i've already become pretty familiar with the format.,DISCUSSION,0.9,ICSI_MRDA_corpus,4
ideally wouldn't that be something?,DISCUSSION,0.9,ICSI_MRDA_corpus,4
huh yeah i think i think we already came to the conclusion that we have two alternative paths that we two alternative ways of representing it.,DISCUSSION,0.9,ICSI_MRDA_corpus,4
though i don't remember email on that.,DISCUSSION,0.9,ICSI_MRDA_corpus,4
there's going to be four computational linguists.,DISCUSSION,0.9,ICSI_MRDA_corpus,4
if you are traveling,DISCUSSION,0.9,ICSI_MRDA_corpus,4
or not enough overlaps or something.,DISCUSSION,0.9,ICSI_MRDA_corpus,4
i mean i think the question on regions is really to ask people how did they define their dialect region now.,DISCUSSION,0.9,ICSI_MRDA_corpus,4
just to see if we are doing the same or if we are doing something similar.,DISCUSSION,0.9,ICSI_MRDA_corpus,4
well i don't think morgan's suggesting that we do that though.,DISCUSSION,0.9,ICSI_MRDA_corpus,4
i mean it was it was actual different cars and so on.,DISCUSSION,0.95,ICSI_MRDA_corpus,4
having it is a good good thing.,DISCUSSION,0.9,ICSI_MRDA_corpus,4
the chopped up waveforms.,DISCUSSION,1.0,ICSI_MRDA_corpus,4
like johno made it up.,DISCUSSION,0.9,ICSI_MRDA_corpus,4
so i didn't did you get a chance to look at all yet?,OPEN_QUESTION,0.9,ICSI_MRDA_corpus,2
if you stuck the mixer up here and the top opened it'd be it'd be fine.,DISCUSSION,0.9,ICSI_MRDA_corpus,4
and um and you can use channel normalization techniques like,DISCUSSION,0.95,ICSI_MRDA_corpus,4
and we noticed that whatever we tried to do it no effect.,DISCUSSION,0.9,ICSI_MRDA_corpus,4
right i mean yeah generally in these things you you turn back pruning really far.,DISCUSSION,0.9,ICSI_MRDA_corpus,4
so in terms of of interchanging in and out of any module we build it'll be x.m.l.,DISCUSSION,0.9,ICSI_MRDA_corpus,4
just there's just inter word silences.,DISCUSSION,0.9,ICSI_MRDA_corpus,4
and a week of business in germany.,DISCUSSION,0.9,ICSI_MRDA_corpus,4
and oh also also,DISCUSSION,0.9,ICSI_MRDA_corpus,4
it's what these conversation analysts have been studying for years and years there.,DISCUSSION,0.9,ICSI_MRDA_corpus,4
so um strike out the m. subscript on the middle block.,ACTION_ITEM,0.85,ICSI_MRDA_corpus,1
since to use it,DISCUSSION,0.9,ICSI_MRDA_corpus,4
i was i was trying to remember you have this interface where you you you showed us one time on your laptop.,DISCUSSION,0.9,ICSI_MRDA_corpus,4
i'm i'm a little confused again.,DISCUSSION,0.9,ICSI_MRDA_corpus,4
yeah but the ontology is really not a smartkom thing.,DISCUSSION,0.9,ICSI_MRDA_corpus,4
well stephane was saying that they weren't hand labeled.,DISCUSSION,0.9,ICSI_MRDA_corpus,4
and then also the transcripts.,DISCUSSION,0.9,ICSI_MRDA_corpus,4
yeah when hell yep we'll do it when hell freezes over.,DISCUSSION,0.9,ICSI_MRDA_corpus,4
i mean the bandwidth shouldn't be such an issue.,DISCUSSION,0.9,ICSI_MRDA_corpus,4
but the nine nine o'clock will be be in here?,OPEN_QUESTION,0.95,ICSI_MRDA_corpus,2
i wanted to bring an example where,DISCUSSION,0.9,ICSI_MRDA_corpus,4
we can just we can just have a political discussion one day.,DISCUSSION,0.9,ICSI_MRDA_corpus,4
but then you can't add our patches.,DISCUSSION,0.9,ICSI_MRDA_corpus,4
yeah they're working on a different task.,DISCUSSION,0.9,ICSI_MRDA_corpus,4
how many people would not vote for the sun keyboard?,OPEN_QUESTION,0.95,ICSI_MRDA_corpus,2
does anybody know how to um run matlab?,OPEN_QUESTION,0.95,ICSI_MRDA_corpus,2
so you have a separate ribbon for each channel.,DISCUSSION,0.9,ICSI_MRDA_corpus,4
uh which is fine.,DISCUSSION,0.9,ICSI_MRDA_corpus,4
uh so uh but that's not going to happen instantaneously.,DISCUSSION,0.9,ICSI_MRDA_corpus,4
and then this would give some more ground work for people who were building statistical models that allowed for overlapping changes different timing changes as opposed to just click.,DISCUSSION,0.9,ICSI_MRDA_corpus,4
and they're rare events but you can really go through a meeting very quickly.,DISCUSSION,0.95,ICSI_MRDA_corpus,4
because we've had a lot of good experience with putting those together.,DISCUSSION,0.95,ICSI_MRDA_corpus,4
if you're a t i or m i t from nineteen eighty five,DISCUSSION,0.9,ICSI_MRDA_corpus,4
what is octave so?,OPEN_QUESTION,1.0,ICSI_MRDA_corpus,2
just looking at the data and seeing what's similar and what's not similar.,DISCUSSION,0.9,ICSI_MRDA_corpus,4
like sometimes it's just like that'd be hard so.,DISCUSSION,0.9,ICSI_MRDA_corpus,4
so when i presented my results about the uh distribution of overlaps and the speakers and the profiles of the speakers at the bottom of that i did have a proposal.,DISCUSSION,0.9,ICSI_MRDA_corpus,4
it's just a matter of of work.,DISCUSSION,0.9,ICSI_MRDA_corpus,4
um where we feed um these events into an s r i system um uh and evaluate its performance on a switchboard task.,DISCUSSION,0.9,ICSI_MRDA_corpus,4
or or we can train or else uh can we train a net on uh a range of languages and which can include the test the test the target language.,DISCUSSION,0.9,ICSI_MRDA_corpus,4
but if you want to stick to the this latency,DISCUSSION,0.9,ICSI_MRDA_corpus,4
so the idea is there's this uh other subgroup that's worrying about formalizing the getting a notation.,DISCUSSION,0.9,ICSI_MRDA_corpus,4
otherwise you just count up the total number of beeps.,DISCUSSION,0.9,ICSI_MRDA_corpus,4
uh the second class way of doing it is to look at the uh phones that are labeled.,DISCUSSION,0.9,ICSI_MRDA_corpus,4
it's presumed there's all sorts of tuning that's gone on on the what they call seen databases.,DISCUSSION,0.95,ICSI_MRDA_corpus,4
however the uh it seems to be sensible to me to to view them as mutually exclusive.,DISCUSSION,0.9,ICSI_MRDA_corpus,4
so i think it depends on whether it's a business meeting or a technical discussion.,DISCUSSION,0.95,ICSI_MRDA_corpus,4
and my goal was to have eleven done by the end of the month.,DISCUSSION,0.9,ICSI_MRDA_corpus,4
third column is the um start times of the words and the fourth column is the duration of the words.,DISCUSSION,0.9,ICSI_MRDA_corpus,4
and we're talking about formal which which makes sense.,DISCUSSION,0.9,ICSI_MRDA_corpus,4
just wanted to raise that.,DISCUSSION,0.9,ICSI_MRDA_corpus,4
which to some degree is borrowing from comic talk.,DISCUSSION,0.95,ICSI_MRDA_corpus,4
but that doesn't actually exist.,DISCUSSION,0.9,ICSI_MRDA_corpus,4
bakery can't be something you're going to eat.,DISCUSSION,0.9,ICSI_MRDA_corpus,4
okay so this was e v a.,DISCUSSION,0.9,ICSI_MRDA_corpus,4
almost identical in fact.,DISCUSSION,0.9,ICSI_MRDA_corpus,4
so i'll be away tomorrow and monday but i'll be back on tuesday or wednesday.,ACTION_ITEM,0.9,ICSI_MRDA_corpus,1
i mean when when you start looking at these kind of results i think it usually is is pretty intuitive.,DISCUSSION,0.95,ICSI_MRDA_corpus,4
but i figure also if they're short agenda items we could also do a little bit of each.,DISCUSSION,0.9,ICSI_MRDA_corpus,4
and that that requires some thought.,DISCUSSION,0.9,ICSI_MRDA_corpus,4
but one of uh where you really want that the packet went through put it in the i.p. header.,DISCUSSION,0.9,ICSI_MRDA_corpus,4
and sometimes you won't.,DISCUSSION,0.9,ICSI_MRDA_corpus,4
actually it's about one third each.,DISCUSSION,0.9,ICSI_MRDA_corpus,4
and so i think doing that to generate these possibilities and then going through and saying yes or no on them would be a quick way to to do it.,DISCUSSION,0.9,ICSI_MRDA_corpus,4
so where were we?,OPEN_QUESTION,0.95,ICSI_MRDA_corpus,2
but we wanted to know what would need to be done.,OPEN_QUESTION,0.9,ICSI_MRDA_corpus,2
in it's not negatively viewed.,DISCUSSION,0.9,ICSI_MRDA_corpus,4
so so something something very specific that you can then,DISCUSSION,0.9,ICSI_MRDA_corpus,4
yeah the the actual parse is somewhere up around in here.,DISCUSSION,0.9,ICSI_MRDA_corpus,4
and you have markov models for each.,DISCUSSION,0.9,ICSI_MRDA_corpus,4
i just thought if you meant slides i thought you meant like just like um view graphs or something.,DISCUSSION,0.9,ICSI_MRDA_corpus,4
uh i'm leaving next wednesday.,ACTION_ITEM,0.9,ICSI_MRDA_corpus,1
just p l p at the input of h t k.,DISCUSSION,0.9,ICSI_MRDA_corpus,4
i mean you can do that.,DISCUSSION,0.9,ICSI_MRDA_corpus,4
maybe learn new things.,DISCUSSION,0.9,ICSI_MRDA_corpus,4
and um i think that there is ultimately a really good uh potential for you know bringing in things with different temporal properties.,DISCUSSION,0.9,ICSI_MRDA_corpus,4
okay uh these still when they're finished um that means that they're finished with their pass through they still need to be edited and all.,DISCUSSION,0.9,ICSI_MRDA_corpus,4
so they have to call me and ask.,DISCUSSION,0.9,ICSI_MRDA_corpus,4
see now i'm contradicting myself.,DISCUSSION,0.9,ICSI_MRDA_corpus,4
so um we we're going to send them one more sample meeting.,ACTION_ITEM,0.85,ICSI_MRDA_corpus,1
this could be the most popular corpus.,DISCUSSION,0.9,ICSI_MRDA_corpus,4
and we had just a bag with a bunch of marbles in it as a counter balance.,DISCUSSION,0.9,ICSI_MRDA_corpus,4
so like the the film went away from where it should be.,DISCUSSION,0.9,ICSI_MRDA_corpus,4
and i had a lot more ideas like you were saying hypotheses of what's going on.,DISCUSSION,0.9,ICSI_MRDA_corpus,4
but you'll only know that in the voiced regions.,DISCUSSION,0.9,ICSI_MRDA_corpus,4
um well i'm pretty sure that you can daisy chain them together.,DISCUSSION,0.9,ICSI_MRDA_corpus,4
and you can supervise or something.,DISCUSSION,0.9,ICSI_MRDA_corpus,4
uh and uh yeah you may not have word models you have phone models whatever.,DISCUSSION,0.9,ICSI_MRDA_corpus,4
so it's thirty dollars an hour essentially right?,OPEN_QUESTION,0.95,ICSI_MRDA_corpus,2
were were you basically done with uh transcriptions or,OPEN_QUESTION,0.95,ICSI_MRDA_corpus,2
turn a crank in the belief net.,DISCUSSION,0.9,ICSI_MRDA_corpus,4
doesn't need to reflect everything.,DISCUSSION,0.9,ICSI_MRDA_corpus,4
i i thought i saw some jobs of yours running on some of the machine.,DISCUSSION,0.9,ICSI_MRDA_corpus,4
and then they would have to listen to the tape and find out where it bleeps.,DISCUSSION,0.9,ICSI_MRDA_corpus,4
i was thinking if you had a clean version of the signal and and a noisy version and your targets were the m.f. uh you know whatever frequency bins,DISCUSSION,0.9,ICSI_MRDA_corpus,4
so maybe i would like to ask claudia,OPEN_QUESTION,0.9,ICSI_MRDA_corpus,2
um from this we can sometimes you know,DISCUSSION,0.9,ICSI_MRDA_corpus,4
well that's a good news okay?,DISCUSSION,0.9,ICSI_MRDA_corpus,4
yeah it's forced alignment of people's schedules.,DISCUSSION,0.9,ICSI_MRDA_corpus,4
so what i was started playing with was the again this is the h t k back end.,DISCUSSION,0.9,ICSI_MRDA_corpus,4
and so the next decision which has to be made actually pretty soon is how are we going to do it.,OPEN_QUESTION,0.9,ICSI_MRDA_corpus,2
so it's a it's a rather huge huge thing.,DISCUSSION,0.95,ICSI_MRDA_corpus,4
there's questions about various places where there's an exponent if it's the right exponent or ways that we're estimating noise that we can improve estimating noise.,DISCUSSION,0.9,ICSI_MRDA_corpus,4
and that doesn't matter.,DISCUSSION,0.9,ICSI_MRDA_corpus,4
they they wear out.,DISCUSSION,0.9,ICSI_MRDA_corpus,4
oh sure terminology is always context dependent.,DISCUSSION,0.9,ICSI_MRDA_corpus,4
so you're essentially defining a lattice.,DISCUSSION,0.9,ICSI_MRDA_corpus,4
but perhaps you have some of them in one stream and some of them in another stream and so forth.,DISCUSSION,0.9,ICSI_MRDA_corpus,4
and then you say uh you know well um what's it cost or something.,DISCUSSION,0.9,ICSI_MRDA_corpus,4
than what it would be now.,DISCUSSION,0.9,ICSI_MRDA_corpus,4
so that people in the group know.,DISCUSSION,0.9,ICSI_MRDA_corpus,4
i was wondering also get ready whether the lights made any noise.,OPEN_QUESTION,0.9,ICSI_MRDA_corpus,2
which is not a lot of time if you are travelling let's say at uh one hundred kilometers per second.,DISCUSSION,0.9,ICSI_MRDA_corpus,4
i think it may almost have to do with like okay.,DISCUSSION,0.9,ICSI_MRDA_corpus,4
things like just the data format and how we're going to do it.,DISCUSSION,0.9,ICSI_MRDA_corpus,4
we already have these results that you,DISCUSSION,0.9,ICSI_MRDA_corpus,4
it's going to be one you'll pick one of those for,DISCUSSION,0.9,ICSI_MRDA_corpus,4
yeah to decide which one is,DISCUSSION,0.9,ICSI_MRDA_corpus,4
so you know making reference to buildings as institutions as containers as,DISCUSSION,0.9,ICSI_MRDA_corpus,4
nothing nothing else after that is going to,DISCUSSION,0.9,ICSI_MRDA_corpus,4
it didn't doesn't take well i mean as you see we haven't really set it up that well but it doesn't it doesn't take long to set up.,DISCUSSION,0.9,ICSI_MRDA_corpus,4
ten minutes is long.,DISCUSSION,0.9,ICSI_MRDA_corpus,4
and just make it,DISCUSSION,0.9,ICSI_MRDA_corpus,4
and that you know i'm not that that one i'm not so sure if it's into the the things that i wanted to use the hours for.,DISCUSSION,0.9,ICSI_MRDA_corpus,4
and if i get something great.,DISCUSSION,0.9,ICSI_MRDA_corpus,4
yeah i did that once too.,DISCUSSION,0.9,ICSI_MRDA_corpus,4
right but if it's better it may be better because it was hand labeled.,DISCUSSION,0.9,ICSI_MRDA_corpus,4
i have a question on protocol in these meetings.,OPEN_QUESTION,0.95,ICSI_MRDA_corpus,2
i mean i i agree that our bias should be as as expressed here.,DISCUSSION,0.9,ICSI_MRDA_corpus,4
but that that will be completely gone if this synch time problem.,DISCUSSION,0.9,ICSI_MRDA_corpus,4
so i i wanted just something that would give us a hint of who the person is if the name field isn't readable or it's a duplicate.,DISCUSSION,0.9,ICSI_MRDA_corpus,4
well if they if they record a meeting and they create a key file and they find an error in their key file they shouldn't have to tell us about that.,DISCUSSION,0.9,ICSI_MRDA_corpus,4
and fey comes on the phone as a human operator.,DISCUSSION,0.9,ICSI_MRDA_corpus,4
so so this tour is sort of just like the idea of current round of of touristness or whatever.,DISCUSSION,0.9,ICSI_MRDA_corpus,4
and then maybe talk about specifics specifics of the data.,DISCUSSION,0.9,ICSI_MRDA_corpus,4
he have to do it for all data packets?,OPEN_QUESTION,1.0,ICSI_MRDA_corpus,2
and if we sink it in,DISCUSSION,0.9,ICSI_MRDA_corpus,4
is this anything different than the h m m system you were using before?,OPEN_QUESTION,0.95,ICSI_MRDA_corpus,2
oh oh oh i see.,DISCUSSION,0.9,ICSI_MRDA_corpus,4
just to pick up an arbitrary an example.,DISCUSSION,0.9,ICSI_MRDA_corpus,4
i mean have someone do some routine whatever.,DISCUSSION,0.9,ICSI_MRDA_corpus,4
but they are also on the networks.,DISCUSSION,0.9,ICSI_MRDA_corpus,4
um for those who don't know,DISCUSSION,0.9,ICSI_MRDA_corpus,4
i think a year is a lot better.,DISCUSSION,0.9,ICSI_MRDA_corpus,4
to have more or less uh silence portions inserted.,DISCUSSION,0.9,ICSI_MRDA_corpus,4
but anyway i'd i'd i'd like to um add a little uh a thing for them to initial saying nah i don't want to see the final transcript.,DISCUSSION,0.9,ICSI_MRDA_corpus,4
but s.r.i. in general is is the,DISCUSSION,0.9,ICSI_MRDA_corpus,4
it might be you know that the summary would would not even include what the person thought was the most interesting fact.,DISCUSSION,0.9,ICSI_MRDA_corpus,4
and the only thing that costs is the back up issue uh to first order.,DISCUSSION,0.9,ICSI_MRDA_corpus,4
well i'll i'll get another one before the end of the meeting.,ACTION_ITEM,0.9,ICSI_MRDA_corpus,1
um i spoke with dave johnson about putting all the meeting recorder stuff on non backed up disk to save the overhead of backup.,DISCUSSION,0.9,ICSI_MRDA_corpus,4
yes a a lot of people are aware of that.,DISCUSSION,0.9,ICSI_MRDA_corpus,4
two h t k.,DISCUSSION,0.9,ICSI_MRDA_corpus,4
so i was i actually ran the experiments mostly.,DISCUSSION,0.9,ICSI_MRDA_corpus,4
okay well i feel better now.,DISCUSSION,0.9,ICSI_MRDA_corpus,4
well that's that's that's where the belief net comes in.,DISCUSSION,0.9,ICSI_MRDA_corpus,4
well maybe john would let us put it into the phonology lab or something.,DISCUSSION,0.9,ICSI_MRDA_corpus,4
but but still i mean they they say,DISCUSSION,0.9,ICSI_MRDA_corpus,4
how getting to vista points and calculating those on the spot?,OPEN_QUESTION,0.95,ICSI_MRDA_corpus,2
i don't know anything about finnish.,DISCUSSION,0.9,ICSI_MRDA_corpus,4
well so perhaps let's let's jump at the last experiment.,DISCUSSION,0.9,ICSI_MRDA_corpus,4
but they were they were parts that were interviews that he worked on.,DISCUSSION,0.95,ICSI_MRDA_corpus,4
it seems it seems really unlikely to me that there's only one.,DISCUSSION,0.9,ICSI_MRDA_corpus,4
i i've just been testing the new aurora front end with well aurora system actually.,DISCUSSION,0.9,ICSI_MRDA_corpus,4
also with i was thinking and i know morgan disagrees with me on this.,DISCUSSION,0.9,ICSI_MRDA_corpus,4
are we to just to make sure i know what's going on we're talking about robert's thesis proposal today?,OPEN_QUESTION,0.95,ICSI_MRDA_corpus,2
there was this whole thesis on out of.,DISCUSSION,0.9,ICSI_MRDA_corpus,4
but the fifty is better than the one up above.,DISCUSSION,0.9,ICSI_MRDA_corpus,4
is it a bank?,OPEN_QUESTION,1.0,ICSI_MRDA_corpus,2
it takes long enough because it has to reload the,DISCUSSION,0.9,ICSI_MRDA_corpus,4
but that's really all that we have at the moment.,DISCUSSION,0.9,ICSI_MRDA_corpus,4
yeah this is just bad design this um this is.,DISCUSSION,0.9,ICSI_MRDA_corpus,4
sure if you want.,DISCUSSION,0.9,ICSI_MRDA_corpus,4
"We've decided to go with the remote control interface, that's final.",DECISION,1.0,hand_labeled,0
"Okay so we're agreed then, the budget is set at fifty thousand.",DECISION,1.0,hand_labeled,0
The team has decided to use voice recognition as the primary input method.,DECISION,1.0,hand_labeled,0
"We're going with option B, that's our final answer.",DECISION,1.0,hand_labeled,0
"Right so the decision is made, we launch in Q3.",DECISION,1.0,hand_labeled,0
We've agreed on the kinetic energy harvesting approach.,DECISION,1.0,hand_labeled,0
"Okay that's settled, Lisa will be the project lead.",DECISION,1.0,hand_labeled,0
"We're going with a touchscreen interface, everyone agreed on that.",DECISION,1.0,hand_labeled,0
"The consensus is clear, we proceed with the current design.",DECISION,1.0,hand_labeled,0
"That's our decision then, the casing will be rubber.",DECISION,1.0,hand_labeled,0
"Final answer, we're targeting the over-55 demographic.",DECISION,1.0,hand_labeled,0
"Agreed, the product ships without the extra buttons.",DECISION,1.0,hand_labeled,0
"We're going with the April 28 launch date, agreed upon by everyone.",DECISION,1.0,hand_labeled,0
"Decision made, the user interface stays simple.",DECISION,1.0,hand_labeled,0
"Right, we've finalized the component list for version one.",DECISION,1.0,hand_labeled,0
"We've resolved this, we're going with the cheaper supplier.",DECISION,1.0,hand_labeled,0
"That's confirmed then, we use Python for the backend.",DECISION,1.0,hand_labeled,0
"All agreed, we submit the proposal by end of week.",DECISION,1.0,hand_labeled,0
We've concluded that the current architecture works fine.,DECISION,1.0,hand_labeled,0
"Settled, we drop the GPS feature from the first release.",DECISION,1.0,hand_labeled,0
We're locking in the price point at thirty-five dollars.,DECISION,1.0,hand_labeled,0
"The vote is unanimous, we go with vendor A.",DECISION,1.0,hand_labeled,0
"That's locked in, Sarah handles the legal review.",DECISION,1.0,hand_labeled,0
We've decided the app will be free with a premium tier.,DECISION,1.0,hand_labeled,0
"Final decision, the product name is RemoteGenius.",DECISION,1.0,hand_labeled,0
"We're in agreement, no focus groups needed for this.",DECISION,1.0,hand_labeled,0
"Right that's confirmed, backend in Python frontend in React.",DECISION,1.0,hand_labeled,0
We've agreed to extend the deadline by one week.,DECISION,1.0,hand_labeled,0
"The conclusion is clear, we need a new supplier.",DECISION,1.0,hand_labeled,0
"Okay everyone agrees, we use the cloud storage solution.",DECISION,1.0,hand_labeled,0
"We've made the call, no LCD display in version one.",DECISION,1.0,hand_labeled,0
"That's our final position, we launch without the mobile app.",DECISION,1.0,hand_labeled,0
"We're aligned on this, the color scheme stays dark.",DECISION,1.0,hand_labeled,0
"The team has reached consensus, we proceed with phase two.",DECISION,1.0,hand_labeled,0
"Agreed upon by all, the deadline is end of quarter.",DECISION,1.0,hand_labeled,0
We're going forward with the simplified menu structure.,DECISION,1.0,hand_labeled,0
"That's decided, we skip the pilot phase entirely.",DECISION,1.0,hand_labeled,0
"The decision stands, two year warranty period.",DECISION,1.0,hand_labeled,0
"We've concluded, recycled materials are the way to go.",DECISION,1.0,hand_labeled,0
"Right so that's final, the remote will have five buttons.",DECISION,1.0,hand_labeled,0
"The team is aligned, we skip the pilot phase.",DECISION,1.0,hand_labeled,0
"We have a decision, the interface language is English only.",DECISION,1.0,hand_labeled,0
"Okay that's resolved, we hire two more engineers.",DECISION,1.0,hand_labeled,0
"We're going with the third option, everyone is on board.",DECISION,1.0,hand_labeled,0
"That's finalized then, the launch event is in New York.",DECISION,1.0,hand_labeled,0
"We've agreed, the API will be RESTful not GraphQL.",DECISION,1.0,hand_labeled,0
"Decision is made, we outsource the testing to a third party.",DECISION,1.0,hand_labeled,0
"Settled and agreed, no changes to the core algorithm.",DECISION,1.0,hand_labeled,0
"We're committed to this approach, that's our final call.",DECISION,1.0,hand_labeled,0
"Everyone is aligned, we release the beta in two weeks.",DECISION,1.0,hand_labeled,0
"That's our agreed position, pricing stays at forty nine per month.",DECISION,1.0,hand_labeled,0
We've decided to merge the two teams into one unit.,DECISION,1.0,hand_labeled,0
"Final call from the group, we go with option three.",DECISION,1.0,hand_labeled,0
"We're going with the new architecture, no going back now.",DECISION,1.0,hand_labeled,0
"That's confirmed by everyone, the feature ships in v2.",DECISION,1.0,hand_labeled,0
"We've resolved the question, quarterly reviews it is.",DECISION,1.0,hand_labeled,0
"Agreed across the board, the timeline does not move.",DECISION,1.0,hand_labeled,0
"We're locking this in today, the stack is decided.",DECISION,1.0,hand_labeled,0
"That's our unanimous decision, we partner with the startup.",DECISION,1.0,hand_labeled,0
"Final answer from the team, we sunset the old product.",DECISION,1.0,hand_labeled,0
I'll write up the functional requirements by end of week.,ACTION_ITEM,1.0,hand_labeled,1
Sarah will send the updated prototype to the client by Monday.,ACTION_ITEM,1.0,hand_labeled,1
I'm going to look into the supplier options and report back next session.,ACTION_ITEM,1.0,hand_labeled,1
David needs to complete the user research by Friday.,ACTION_ITEM,1.0,hand_labeled,1
I'll have the mockups ready for review by Wednesday.,ACTION_ITEM,1.0,hand_labeled,1
Marcus will review the legal terms by end of month.,ACTION_ITEM,1.0,hand_labeled,1
I'll contact the suppliers and get three quotes by next Tuesday.,ACTION_ITEM,1.0,hand_labeled,1
Emma is going to finalize the budget breakdown before our next call.,ACTION_ITEM,1.0,hand_labeled,1
I'll send the contract to legal by Thursday.,ACTION_ITEM,1.0,hand_labeled,1
Alice will share the updated roadmap by Monday.,ACTION_ITEM,1.0,hand_labeled,1
Bob will set up the staging environment by Wednesday.,ACTION_ITEM,1.0,hand_labeled,1
I'll have the feature flag and rollout checklist ready by Friday.,ACTION_ITEM,1.0,hand_labeled,1
Sarah will deliver the final landing page by Thursday noon.,ACTION_ITEM,1.0,hand_labeled,1
I'll get the terms of service reviewed and back to you by next Tuesday.,ACTION_ITEM,1.0,hand_labeled,1
Kevin will get the performance benchmarks ready by Friday morning.,ACTION_ITEM,1.0,hand_labeled,1
I'll prepare the cost breakdown and share it before the next meeting.,ACTION_ITEM,1.0,hand_labeled,1
Tom will document the API endpoints by end of sprint.,ACTION_ITEM,1.0,hand_labeled,1
I'll coordinate with QA and get their sign-off by end of week.,ACTION_ITEM,1.0,hand_labeled,1
Lisa will update the slide deck before the board meeting.,ACTION_ITEM,1.0,hand_labeled,1
I'll email the stakeholders about the delay by this afternoon.,ACTION_ITEM,1.0,hand_labeled,1
James will complete the code review of the authentication module by tomorrow.,ACTION_ITEM,1.0,hand_labeled,1
I'll prepare test cases for the new feature by end of day.,ACTION_ITEM,1.0,hand_labeled,1
Nina will handle the vendor negotiations by end of quarter.,ACTION_ITEM,1.0,hand_labeled,1
I'll update the documentation to reflect the new API changes by Friday.,ACTION_ITEM,1.0,hand_labeled,1
Rachel will configure the CI/CD pipeline before the deployment.,ACTION_ITEM,1.0,hand_labeled,1
I'll run the usability tests next week and share the results.,ACTION_ITEM,1.0,hand_labeled,1
Paul will update the project timeline and share it by Wednesday.,ACTION_ITEM,1.0,hand_labeled,1
I'll create the user personas and share them by Monday.,ACTION_ITEM,1.0,hand_labeled,1
Anna will write the press release before the launch date.,ACTION_ITEM,1.0,hand_labeled,1
I'll schedule the kickoff meeting for next week.,ACTION_ITEM,1.0,hand_labeled,1
Chris will integrate the payment gateway by sprint end.,ACTION_ITEM,1.0,hand_labeled,1
I'll get the market analysis done and shared by next Monday.,ACTION_ITEM,1.0,hand_labeled,1
Mike will onboard the new team members before next week.,ACTION_ITEM,1.0,hand_labeled,1
I need to finish the database migration by end of today.,ACTION_ITEM,1.0,hand_labeled,1
Jenny will present the competitive analysis on Friday.,ACTION_ITEM,1.0,hand_labeled,1
I'll reach out to the client and confirm the requirements by tomorrow.,ACTION_ITEM,1.0,hand_labeled,1
Dan will fix the login bug and push a hotfix by end of day.,ACTION_ITEM,1.0,hand_labeled,1
I'll set up the analytics dashboard before the next sprint review.,ACTION_ITEM,1.0,hand_labeled,1
Priya will gather user feedback and summarize it by next Thursday.,ACTION_ITEM,1.0,hand_labeled,1
I'll draft the executive summary and circulate it by Monday morning.,ACTION_ITEM,1.0,hand_labeled,1
Ben will deploy the staging build by Wednesday afternoon.,ACTION_ITEM,1.0,hand_labeled,1
I'll review the competitor pricing and send a summary by Friday.,ACTION_ITEM,1.0,hand_labeled,1
Zoe will finalize the onboarding flow mockups before the client call.,ACTION_ITEM,1.0,hand_labeled,1
I'll write the unit tests for the new module by end of sprint.,ACTION_ITEM,1.0,hand_labeled,1
Henry will get sign-off from the compliance team by next Tuesday.,ACTION_ITEM,1.0,hand_labeled,1
I'll book the venue for the launch event by end of this week.,ACTION_ITEM,1.0,hand_labeled,1
Mia will prepare the training materials before the rollout.,ACTION_ITEM,1.0,hand_labeled,1
I'll sync with the design team and get final assets by Thursday.,ACTION_ITEM,1.0,hand_labeled,1
Jack will update the database schema and document changes by Friday.,ACTION_ITEM,1.0,hand_labeled,1
I'll send meeting notes to the whole team by end of today.,ACTION_ITEM,1.0,hand_labeled,1
Omar will complete the security audit before the release date.,ACTION_ITEM,1.0,hand_labeled,1
I'll set up monitoring alerts for the new service by Wednesday.,ACTION_ITEM,1.0,hand_labeled,1
Fatima will review the user complaints and categorize them by Monday.,ACTION_ITEM,1.0,hand_labeled,1
I'll prepare a demo environment for the client presentation by Friday.,ACTION_ITEM,1.0,hand_labeled,1
Carlos will finalize the data model and share it before next sprint.,ACTION_ITEM,1.0,hand_labeled,1
I'll get the contract signed and returned by close of business Thursday.,ACTION_ITEM,1.0,hand_labeled,1
Yuki will translate the UI strings into Japanese by end of month.,ACTION_ITEM,1.0,hand_labeled,1
I'll investigate the performance regression and report back by tomorrow.,ACTION_ITEM,1.0,hand_labeled,1
Lena will coordinate with the design agency and get final logos by Friday.,ACTION_ITEM,1.0,hand_labeled,1
I'll run the load tests and share the results before the launch.,ACTION_ITEM,1.0,hand_labeled,1
Has anyone figured out what the battery life target should be?,OPEN_QUESTION,1.0,hand_labeled,2
What's our fallback plan if the main supplier falls through?,OPEN_QUESTION,1.0,hand_labeled,2
Does anyone know the current market size for this product?,OPEN_QUESTION,1.0,hand_labeled,2
"Who owns the accessibility audit, has that been assigned?",OPEN_QUESTION,1.0,hand_labeled,2
What happens if we miss the Q3 deadline?,OPEN_QUESTION,1.0,hand_labeled,2
Are we still planning to support Android or just iOS?,OPEN_QUESTION,1.0,hand_labeled,2
Has anyone checked whether the API rate limits will be a problem?,OPEN_QUESTION,1.0,hand_labeled,2
Do we have a clear owner for the onboarding flow?,OPEN_QUESTION,1.0,hand_labeled,2
Has legal signed off on the data retention policy yet?,OPEN_QUESTION,1.0,hand_labeled,2
Who is responsible for the infrastructure cost estimates?,OPEN_QUESTION,1.0,hand_labeled,2
What are the compliance requirements for this feature?,OPEN_QUESTION,1.0,hand_labeled,2
Have we validated this approach with actual users?,OPEN_QUESTION,1.0,hand_labeled,2
What's the contingency if the third party SDK breaks?,OPEN_QUESTION,1.0,hand_labeled,2
Does the design team have capacity for this sprint?,OPEN_QUESTION,1.0,hand_labeled,2
What metrics are we using to define success for this launch?,OPEN_QUESTION,1.0,hand_labeled,2
Has the security team reviewed the authentication flow?,OPEN_QUESTION,1.0,hand_labeled,2
Who approved the new hiring plan?,OPEN_QUESTION,1.0,hand_labeled,2
Are we tracking NPS scores anywhere currently?,OPEN_QUESTION,1.0,hand_labeled,2
What's our plan for GDPR compliance in Europe?,OPEN_QUESTION,1.0,hand_labeled,2
Is there a rollback plan if the deployment fails?,OPEN_QUESTION,1.0,hand_labeled,2
Has anyone spoken to the customer success team about this issue?,OPEN_QUESTION,1.0,hand_labeled,2
What's the expected conversion rate for the free tier?,OPEN_QUESTION,1.0,hand_labeled,2
Who owns the relationship with the payment processor?,OPEN_QUESTION,1.0,hand_labeled,2
Have we confirmed the venue for the launch event yet?,OPEN_QUESTION,1.0,hand_labeled,2
What's the SLA we're promising enterprise customers?,OPEN_QUESTION,1.0,hand_labeled,2
Is there a risk assessment document for this change?,OPEN_QUESTION,1.0,hand_labeled,2
Has QA been looped in on the new testing requirements?,OPEN_QUESTION,1.0,hand_labeled,2
What's our minimum viable feature set for the launch?,OPEN_QUESTION,1.0,hand_labeled,2
Does anyone have visibility into the current server costs?,OPEN_QUESTION,1.0,hand_labeled,2
Who is tracking the open items from last week's meeting?,OPEN_QUESTION,1.0,hand_labeled,2
Has anyone done a competitive analysis on the new entrants?,OPEN_QUESTION,1.0,hand_labeled,2
What's the process for getting legal approval on this?,OPEN_QUESTION,1.0,hand_labeled,2
Does anyone know if the third party API supports webhooks?,OPEN_QUESTION,1.0,hand_labeled,2
Who is going to handle customer communications during the outage?,OPEN_QUESTION,1.0,hand_labeled,2
Has the data migration plan been reviewed by engineering?,OPEN_QUESTION,1.0,hand_labeled,2
What's our position on supporting legacy browsers?,OPEN_QUESTION,1.0,hand_labeled,2
Has anyone estimated the performance impact of this change?,OPEN_QUESTION,1.0,hand_labeled,2
Who has visibility into the current burn rate?,OPEN_QUESTION,1.0,hand_labeled,2
Does the new feature require any changes to the privacy policy?,OPEN_QUESTION,1.0,hand_labeled,2
Has anyone checked if we need additional licenses for this tool?,OPEN_QUESTION,1.0,hand_labeled,2
What's the plan if the beta feedback is overwhelmingly negative?,OPEN_QUESTION,1.0,hand_labeled,2
Has anyone mapped out the dependencies for this release?,OPEN_QUESTION,1.0,hand_labeled,2
Who is responsible for communicating the delay to stakeholders?,OPEN_QUESTION,1.0,hand_labeled,2
Does anyone know the status of the vendor contract renewal?,OPEN_QUESTION,1.0,hand_labeled,2
What's our strategy for handling negative press coverage?,OPEN_QUESTION,1.0,hand_labeled,2
Has the infrastructure team signed off on the scaling plan?,OPEN_QUESTION,1.0,hand_labeled,2
Who owns the post-launch monitoring and alerting setup?,OPEN_QUESTION,1.0,hand_labeled,2
Does anyone have the latest numbers on customer churn?,OPEN_QUESTION,1.0,hand_labeled,2
What's the process for rolling back if something goes wrong?,OPEN_QUESTION,1.0,hand_labeled,2
Has anyone evaluated the total cost of ownership for this solution?,OPEN_QUESTION,1.0,hand_labeled,2
Let's circle back on the pricing discussion once we have the numbers.,DEFERRAL,1.0,hand_labeled,3
We should probably revisit the battery life question next week.,DEFERRAL,1.0,hand_labeled,3
Let's park the branding discussion for now and come back to it.,DEFERRAL,1.0,hand_labeled,3
Maybe we can look at the supplier question in a future meeting.,DEFERRAL,1.0,hand_labeled,3
Let's table that for the moment and focus on the core features.,DEFERRAL,1.0,hand_labeled,3
Let's revisit the partnership proposal after the board meeting.,DEFERRAL,1.0,hand_labeled,3
We can think about internationalization in a later phase.,DEFERRAL,1.0,hand_labeled,3
Let's hold off on that decision until we hear from the client.,DEFERRAL,1.0,hand_labeled,3
"Let's not decide on the pricing model today, we need more data.",DEFERRAL,1.0,hand_labeled,3
Let's push the infrastructure discussion to after the release.,DEFERRAL,1.0,hand_labeled,3
Let's circle back after we get the Q2 projections.,DEFERRAL,1.0,hand_labeled,3
Let's hold that thought and get back to the main agenda.,DEFERRAL,1.0,hand_labeled,3
Let's shelve the AI feature idea for version two.,DEFERRAL,1.0,hand_labeled,3
We'll pick this up in the next sprint planning session.,DEFERRAL,1.0,hand_labeled,3
Maybe we should wait for the audit results before deciding.,DEFERRAL,1.0,hand_labeled,3
I'd suggest we defer this until after we've spoken to customers.,DEFERRAL,1.0,hand_labeled,3
Let's hold off until the research team reports back.,DEFERRAL,1.0,hand_labeled,3
We'll pick up the compliance question in Friday's call.,DEFERRAL,1.0,hand_labeled,3
Let's put a pin in that and return to it next session.,DEFERRAL,1.0,hand_labeled,3
Maybe we can explore that option in a separate workstream.,DEFERRAL,1.0,hand_labeled,3
"Let's not rush this, we'll come back to it once we have more clarity.",DEFERRAL,1.0,hand_labeled,3
We should table the hiring discussion until after the funding round.,DEFERRAL,1.0,hand_labeled,3
Let's revisit this once the legal team has weighed in.,DEFERRAL,1.0,hand_labeled,3
I think we need more data before we can decide on this.,DEFERRAL,1.0,hand_labeled,3
Let's defer the architecture discussion to next week's technical call.,DEFERRAL,1.0,hand_labeled,3
We'll address the security concerns in a separate meeting.,DEFERRAL,1.0,hand_labeled,3
"Let's not make that call today, there are too many unknowns.",DEFERRAL,1.0,hand_labeled,3
We should wait for the market research to come back first.,DEFERRAL,1.0,hand_labeled,3
Let's park this and pick it up after the product review.,DEFERRAL,1.0,hand_labeled,3
Maybe we can schedule a dedicated session for this topic.,DEFERRAL,1.0,hand_labeled,3
Let's come back to the onboarding question in the next standup.,DEFERRAL,1.0,hand_labeled,3
We'll revisit the vendor contracts after the holiday period.,DEFERRAL,1.0,hand_labeled,3
Let's hold this until we have the engineering estimates.,DEFERRAL,1.0,hand_labeled,3
I'd rather we wait until the new team members are onboarded.,DEFERRAL,1.0,hand_labeled,3
Let's deprioritize this for now and focus on the launch.,DEFERRAL,1.0,hand_labeled,3
We can figure out the analytics setup in a later sprint.,DEFERRAL,1.0,hand_labeled,3
"Let's not open that can of worms today, we'll deal with it next week.",DEFERRAL,1.0,hand_labeled,3
We should revisit the roadmap discussion after the investor meeting.,DEFERRAL,1.0,hand_labeled,3
Let's save the design system conversation for the design review.,DEFERRAL,1.0,hand_labeled,3
I think we should punt on this until we have more budget clarity.,DEFERRAL,1.0,hand_labeled,3
Let's hold off on expanding to new markets until Q4.,DEFERRAL,1.0,hand_labeled,3
We'll circle back on the partnership terms after legal reviews them.,DEFERRAL,1.0,hand_labeled,3
"Let's not decide on the tech stack today, we need more evaluation time.",DEFERRAL,1.0,hand_labeled,3
We should defer this to the next all-hands where everyone is present.,DEFERRAL,1.0,hand_labeled,3
Let's revisit the performance targets once we have baseline metrics.,DEFERRAL,1.0,hand_labeled,3
I suggest we table the rebranding discussion until after the merger.,DEFERRAL,1.0,hand_labeled,3
Let's come back to the API versioning question in next week's sync.,DEFERRAL,1.0,hand_labeled,3
We'll address the testing strategy in the QA planning session.,DEFERRAL,1.0,hand_labeled,3
Let's hold the documentation discussion until after the code freeze.,DEFERRAL,1.0,hand_labeled,3
Maybe we should wait for the pilot results before scaling this up.,DEFERRAL,1.0,hand_labeled,3
Let's not finalize the pricing until we've talked to more customers.,DEFERRAL,1.0,hand_labeled,3
We can revisit the team structure once we know the project scope.,DEFERRAL,1.0,hand_labeled,3
Let's defer the cloud provider decision until the POC is complete.,DEFERRAL,1.0,hand_labeled,3
We should table this and come back when we have a clearer picture.,DEFERRAL,1.0,hand_labeled,3
Let's hold off on the migration plan until the audit is done.,DEFERRAL,1.0,hand_labeled,3
I'd prefer we discuss this offline and bring a proposal next time.,DEFERRAL,1.0,hand_labeled,3
Let's not commit to this timeline until engineering signs off.,DEFERRAL,1.0,hand_labeled,3
We'll revisit the feature prioritization after user testing.,DEFERRAL,1.0,hand_labeled,3
Let's park the budget discussion until the CFO is in the room.,DEFERRAL,1.0,hand_labeled,3
We should come back to this with more concrete numbers next meeting.,DEFERRAL,1.0,hand_labeled,3
"Let's not rush into this decision, we'll revisit it Thursday.",DEFERRAL,1.0,hand_labeled,3
We can address the scalability question in the architecture review.,DEFERRAL,1.0,hand_labeled,3
Let's hold off on the partnership announcement until contracts are signed.,DEFERRAL,1.0,hand_labeled,3
Maybe we should get more user feedback before committing to this direction.,DEFERRAL,1.0,hand_labeled,3
Let's table the compensation discussion for the HR meeting.,DEFERRAL,1.0,hand_labeled,3
We'll circle back on the go-to-market strategy after the product demo.,DEFERRAL,1.0,hand_labeled,3
Let's not finalize the team structure until after the reorg.,DEFERRAL,1.0,hand_labeled,3
We should defer the data governance question to the next steering committee.,DEFERRAL,1.0,hand_labeled,3
Let's hold this conversation until we have the legal opinion.,DEFERRAL,1.0,hand_labeled,3
Maybe we can tackle the localization question in the next planning cycle.,DEFERRAL,1.0,hand_labeled,3
Let's not make any commitments on this until the board weighs in.,DEFERRAL,1.0,hand_labeled,3
We'll revisit the SLA targets once we have operational data.,DEFERRAL,1.0,hand_labeled,3
Let's park the pricing strategy discussion until after the competitor analysis.,DEFERRAL,1.0,hand_labeled,3
We should come back to the integration question when the API is stable.,DEFERRAL,1.0,hand_labeled,3
Let's defer the hiring freeze decision until we see the Q3 numbers.,DEFERRAL,1.0,hand_labeled,3
Maybe we should wait until the new CTO starts before deciding on architecture.,DEFERRAL,1.0,hand_labeled,3
"Let's not close out this topic today, it needs more thought.",DEFERRAL,1.0,hand_labeled,3
We'll handle the exception case in a follow-up meeting next week.,DEFERRAL,1.0,hand_labeled,3
Let's hold off on committing resources until the scope is clearer.,DEFERRAL,1.0,hand_labeled,3
We can revisit the rollout plan once the beta feedback is in.,DEFERRAL,1.0,hand_labeled,3
I think the button placement on the left feels more intuitive.,DISCUSSION,1.0,hand_labeled,4
The elderly users we spoke to really struggled with small buttons.,DISCUSSION,1.0,hand_labeled,4
From a technical standpoint the LCD adds significant cost to the unit.,DISCUSSION,1.0,hand_labeled,4
I've seen similar products fail because the interface was too complex.,DISCUSSION,1.0,hand_labeled,4
"Good morning everyone, glad we could all make it today.",DISCUSSION,1.0,hand_labeled,4
That's a really interesting point about the power consumption.,DISCUSSION,1.0,hand_labeled,4
In my experience users prefer fewer features done really well.,DISCUSSION,1.0,hand_labeled,4
The competitor product has a similar approach and it seems to work.,DISCUSSION,1.0,hand_labeled,4
Yeah that sounds about right to me.,DISCUSSION,1.0,hand_labeled,4
"The design looks great, nice work on the mockups Sarah.",DISCUSSION,1.0,hand_labeled,4
From a user research perspective the data suggests otherwise.,DISCUSSION,1.0,hand_labeled,4
"That's a fair point, I hadn't considered those edge cases.",DISCUSSION,1.0,hand_labeled,4
I think we need to be careful about scope creep here.,DISCUSSION,1.0,hand_labeled,4
The feedback from beta users has been mostly positive so far.,DISCUSSION,1.0,hand_labeled,4
I'd push back slightly on that interpretation of the data.,DISCUSSION,1.0,hand_labeled,4
Looking at our roadmap this seems feasible for Q4.,DISCUSSION,1.0,hand_labeled,4
The technical architecture seems solid from what I can tell.,DISCUSSION,1.0,hand_labeled,4
I'm a bit worried about the dependency on that third party service.,DISCUSSION,1.0,hand_labeled,4
I think we should consider the long term maintenance cost here.,DISCUSSION,1.0,hand_labeled,4
That's consistent with what we saw in the user interviews last month.,DISCUSSION,1.0,hand_labeled,4
